,Dataset,Affect,MSE,R^2,MAE,STD
0,Train,Arousal,0.05125572355945676,0.9634690731481227,0.19341787533866212,0.11766583641369535
1,Train,Valence,0.038409861341797503,0.9668859829793313,0.14630419828717786,0.13040300190311435
2,Test,Arousal,0.3259857360076719,0.7657551165659131,0.49011573571840683,0.2928690861270214
3,Test,Valence,0.24708339816784908,0.7879011163532803,0.3625097857508494,0.3401030041071709
4,Test,Total,0.28653456708776015,0.7768281164595969,0.4263127607346284,0.3237159204033379
